dataset,task_name,target,split,n_units,mean_diff_spearman_tab_minus_xgb,median_diff_spearman,ci95_low,ci95_high,paired_t_pvalue,wilcoxon_pvalue
DMS,DMS,dms_KmCO2_logfit,pos_holdout,5,0.06777052873827086,0.06352326127377009,0.04756468849864952,0.08797636897789221,0.004954065828821464,0.0625
DMS,DMS,dms_KmCO2_logfit,within_position,3,0.08068648844176206,0.07683151109031638,0.06697826403633245,0.09824969019863733,0.012836554103681048,0.25
DMS,DMS,dms_VmaxRatio_logfit,pos_holdout,5,0.02334310386426295,0.023657069654488994,0.01950291475344834,0.02755448071950961,0.0006008123460554053,0.0625
DMS,DMS,dms_VmaxRatio_logfit,within_position,3,0.04073341415137022,0.03932234919054178,0.0352741582269821,0.04760373503658677,0.007841869158265243,0.25
DMS,DMS,dms_enrichment_mean,pos_holdout,5,0.031229873875261903,0.032241147047611496,0.0265086600213698,0.03472022999001341,0.0002059923371923772,0.0625
DMS,DMS,dms_enrichment_mean,within_position,3,0.047076761771648955,0.047112813963140265,0.04099939371437922,0.053118077637427374,0.005477073879376543,0.25
HOFF,HOFF_delta_derived,hoff_delta_O2_minus_N2,depth_holdout,5,0.1732877320866672,0.16754901675982348,0.16231204896891263,0.18426341520442183,1.1031655005803475e-05,0.0625
HOFF,HOFF_delta_direct,hoff_delta_O2_minus_N2,depth_holdout,5,0.12129268957405819,0.1248012875939446,0.11111538218000531,0.13102985864285177,3.242134500179803e-05,0.0625
