temp_C,co2,light_umol_photons_m2_s,doubling_time_h_UTEX2973,doubling_time_h_PCC7942,ratio_PCC7942_over_UTEX2973
38,3%,500,2.3,8.5,3.695652173913044
38,3%,100,6.3,8.7,1.380952380952381
41,3%,100,5.0,6.1,1.22
38,3%,300,4.2,4.9,1.1666666666666667
