{
  "n": 12,
  "target": "mu_per_h",
  "log_target": false,
  "pca_dim": 5,
  "ridge_alpha": 10.0,
  "spearman": 0.8177003958039568,
  "pearson": 0.7367872257646392,
  "r2": 0.5357991235088413,
  "mse": 0.0027382809545181096
}