{
  "constraint_column": "hoff_fitness_N2",
  "wt_n2_obs": 1.3928756851045891,
  "n2_margin": 0.1,
  "constraint_threshold": 1.292875685104589
}