{
  "n": 12,
  "target": "doubling_time_min_h",
  "log_target": true,
  "pca_dim": 5,
  "ridge_alpha": 10.0,
  "spearman": 0.8283198814637485,
  "pearson": 0.8856869244548784,
  "r2": 0.7790567647341966,
  "mse": 0.10920145780533967
}